Cell Square :,5,,,
,,,,
,,,,
,CycleTime,Loader,Current density (A/cm2),Voltage(V)
,0:00:00,CC,0,0.822
,0:00:01,CC,0,0.822
,0:00:02,CC,0,0.921
,0:00:03,CC,0,0.921
,0:00:04,CC,0,0.924
,0:00:05,CC,0,0.923
,0:00:06,CC,0,0.924
,0:00:07,CC,0,0.923
,0:00:08,CC,0,0.924
,0:00:09,CC,0,0.924
,0:00:10,CC,0,0.921
,0:00:11,CC,0,0.921
,0:00:12,CC,0,0.921
,0:00:13,CC,0,0.921
,0:00:14,CC,0,0.921
,0:00:15,CC,0,0.92
,0:00:16,CC,0,0.919
,0:00:17,CC,0,0.919
,0:00:18,CC,0,0.918
,0:00:19,CC,0,0.918
,0:00:20,CC,0,0.918
,0:00:21,CC,0,0.918
,0:00:22,CC,0,0.918
,0:00:23,CC,0,0.918
,0:00:24,CC,0,0.919
,0:00:25,CC,0,0.919
,0:00:26,CC,0,0.919
,0:00:27,CC,0,0.919
,0:00:28,CC,0,0.92
,0:00:29,CC,0,0.919
,0:00:30,CC,0,0.919
,0:00:31,CC,0,0.918
,0:00:32,CC,0,0.918
,0:00:33,CC,0,0.919
,0:00:34,CC,0,0.919
,0:00:35,CC,0,0.918
,0:00:36,CC,0,0.918
,0:00:37,CC,0,0.92
,0:00:38,CC,0,0.92
,0:00:39,CC,0,0.92
,0:00:40,CC,0,0.919
,0:00:41,CC,0,0.92
,0:00:42,CC,0,0.92
,0:00:43,CC,0,0.919
,0:00:44,CC,0,0.919
,0:00:45,CC,0,0.919
,0:00:46,CC,0,0.919
,0:00:47,CC,0,0.919
,0:00:48,CC,0,0.92
,0:00:49,CC,0,0.92
,0:00:50,CC,0,0.92
,0:00:51,CC,0,0.919
,0:00:52,CC,0,0.919
,0:00:53,CC,0,0.919
,0:00:54,CC,0,0.918
,0:00:55,CC,0,0.918
,0:00:56,CC,0,0.918
,0:00:57,CC,0,0.918
,0:00:58,CC,0,0.918
,0:00:59,CC,0,0.918
,0:01:00,CC,0,0.917
,0:01:00,CC,0,0.917
,0:01:01,CC,0.02,0.918
,0:01:02,CC,0.02,0.918
,0:01:03,CC,0.02,0.882
,0:01:04,CC,0.02,0.883
,0:01:05,CC,0.02,0.884
,0:01:06,CC,0.02,0.884
,0:01:07,CC,0.02,0.884
,0:01:08,CC,0.02,0.884
,0:01:09,CC,0.02,0.884
,0:01:10,CC,0.02,0.884
,0:01:11,CC,0.02,0.884
,0:01:12,CC,0.02,0.884
,0:01:13,CC,0.02,0.884
,0:01:14,CC,0.02,0.884
,0:01:15,CC,0.02,0.884
,0:01:16,CC,0.02,0.884
,0:01:17,CC,0.02,0.884
,0:01:18,CC,0.02,0.885
,0:01:19,CC,0.02,0.885
,0:01:20,CC,0.02,0.884
,0:01:21,CC,0.02,0.884
,0:01:22,CC,0.02,0.884
,0:01:23,CC,0.02,0.885
,0:01:24,CC,0.02,0.885
,0:01:25,CC,0.02,0.885
,0:01:26,CC,0.02,0.885
,0:01:27,CC,0.02,0.885
,0:01:28,CC,0.02,0.885
,0:01:29,CC,0.02,0.885
,0:01:30,CC,0.02,0.885
,0:01:31,CC,0.02,0.885
,0:01:32,CC,0.02,0.885
,0:01:33,CC,0.02,0.885
,0:01:34,CC,0.02,0.885
,0:01:35,CC,0.02,0.885
,0:01:36,CC,0.02,0.885
,0:01:37,CC,0.02,0.885
,0:01:38,CC,0.02,0.884
,0:01:39,CC,0.02,0.884
,0:01:40,CC,0.02,0.884
,0:01:41,CC,0.02,0.884
,0:01:42,CC,0.02,0.884
,0:01:43,CC,0.02,0.884
,0:01:44,CC,0.02,0.884
,0:01:45,CC,0.02,0.884
,0:01:46,CC,0.02,0.884
,0:01:47,CC,0.02,0.884
,0:01:48,CC,0.02,0.884
,0:01:49,CC,0.02,0.884
,0:01:50,CC,0.02,0.883
,0:01:51,CC,0.02,0.883
,0:01:52,CC,0.02,0.883
,0:01:53,CC,0.02,0.883
,0:01:54,CC,0.02,0.882
,0:01:55,CC,0.02,0.882
,0:01:56,CC,0.02,0.883
,0:01:57,CC,0.02,0.883
,0:01:58,CC,0.02,0.884
,0:01:59,CC,0.02,0.884
,0:02:00,CC,0.02,0.884
,0:02:00,CC,0.02,0.884
,0:02:01,CC,0.04,0.884
,0:02:02,CC,0.04,0.866
,0:02:03,CC,0.04,0.866
,0:02:04,CC,0.04,0.866
,0:02:05,CC,0.04,0.866
,0:02:06,CC,0.04,0.866
,0:02:07,CC,0.04,0.866
,0:02:08,CC,0.04,0.866
,0:02:09,CC,0.04,0.866
,0:02:10,CC,0.04,0.866
,0:02:11,CC,0.04,0.866
,0:02:12,CC,0.04,0.866
,0:02:13,CC,0.04,0.866
,0:02:14,CC,0.04,0.866
,0:02:15,CC,0.04,0.866
,0:02:16,CC,0.04,0.866
,0:02:17,CC,0.04,0.866
,0:02:18,CC,0.04,0.866
,0:02:19,CC,0.04,0.866
,0:02:20,CC,0.04,0.866
,0:02:21,CC,0.04,0.866
,0:02:22,CC,0.04,0.866
,0:02:23,CC,0.04,0.866
,0:02:24,CC,0.04,0.866
,0:02:25,CC,0.04,0.866
,0:02:26,CC,0.04,0.866
,0:02:27,CC,0.04,0.866
,0:02:28,CC,0.04,0.866
,0:02:29,CC,0.04,0.866
,0:02:30,CC,0.04,0.866
,0:02:31,CC,0.04,0.866
,0:02:32,CC,0.04,0.866
,0:02:33,CC,0.04,0.866
,0:02:34,CC,0.04,0.866
,0:02:35,CC,0.04,0.866
,0:02:36,CC,0.04,0.866
,0:02:37,CC,0.04,0.866
,0:02:38,CC,0.04,0.866
,0:02:39,CC,0.04,0.866
,0:02:40,CC,0.04,0.866
,0:02:41,CC,0.04,0.866
,0:02:42,CC,0.04,0.866
,0:02:43,CC,0.04,0.866
,0:02:44,CC,0.04,0.866
,0:02:45,CC,0.04,0.866
,0:02:46,CC,0.04,0.866
,0:02:47,CC,0.04,0.866
,0:02:48,CC,0.04,0.866
,0:02:49,CC,0.04,0.866
,0:02:50,CC,0.04,0.866
,0:02:51,CC,0.04,0.866
,0:02:52,CC,0.04,0.866
,0:02:53,CC,0.04,0.866
,0:02:54,CC,0.04,0.866
,0:02:55,CC,0.04,0.866
,0:02:56,CC,0.04,0.866
,0:02:57,CC,0.04,0.866
,0:02:58,CC,0.04,0.866
,0:02:59,CC,0.04,0.866
,0:03:00,CC,0.04,0.866
,0:03:01,CC,0.04,0.866
,0:03:02,CC,0.06,0.866
,0:03:03,CC,0.06,0.866
,0:03:04,CC,0.06,0.866
,0:03:05,CC,0.06,0.853
,0:03:06,CC,0.06,0.853
,0:03:07,CC,0.06,0.853
,0:03:08,CC,0.06,0.853
,0:03:09,CC,0.06,0.853
,0:03:10,CC,0.06,0.853
,0:03:11,CC,0.06,0.853
,0:03:12,CC,0.06,0.853
,0:03:13,CC,0.06,0.853
,0:03:14,CC,0.06,0.853
,0:03:15,CC,0.06,0.853
,0:03:16,CC,0.06,0.853
,0:03:17,CC,0.06,0.853
,0:03:18,CC,0.06,0.853
,0:03:19,CC,0.06,0.853
,0:03:20,CC,0.06,0.853
,0:03:21,CC,0.06,0.853
,0:03:22,CC,0.06,0.853
,0:03:23,CC,0.06,0.853
,0:03:24,CC,0.06,0.853
,0:03:25,CC,0.06,0.853
,0:03:26,CC,0.06,0.853
,0:03:27,CC,0.06,0.853
,0:03:28,CC,0.06,0.853
,0:03:29,CC,0.06,0.853
,0:03:30,CC,0.06,0.853
,0:03:31,CC,0.06,0.853
,0:03:32,CC,0.06,0.853
,0:03:33,CC,0.06,0.853
,0:03:34,CC,0.06,0.853
,0:03:35,CC,0.06,0.853
,0:03:36,CC,0.06,0.853
,0:03:37,CC,0.06,0.853
,0:03:38,CC,0.06,0.853
,0:03:39,CC,0.06,0.853
,0:03:40,CC,0.06,0.853
,0:03:41,CC,0.06,0.853
,0:03:42,CC,0.06,0.853
,0:03:43,CC,0.06,0.853
,0:03:44,CC,0.06,0.853
,0:03:45,CC,0.06,0.853
,0:03:46,CC,0.06,0.853
,0:03:47,CC,0.06,0.853
,0:03:48,CC,0.06,0.853
,0:03:49,CC,0.06,0.853
,0:03:50,CC,0.06,0.853
,0:03:51,CC,0.06,0.853
,0:03:52,CC,0.06,0.853
,0:03:53,CC,0.06,0.853
,0:03:54,CC,0.06,0.853
,0:03:55,CC,0.06,0.853
,0:03:56,CC,0.06,0.853
,0:03:57,CC,0.06,0.853
,0:03:58,CC,0.06,0.853
,0:03:59,CC,0.06,0.853
,0:04:00,CC,0.06,0.853
,0:04:01,CC,0.06,0.853
,0:04:01,CC,0.06,0.853
,0:04:02,CC,0.08,0.853
,0:04:03,CC,0.08,0.853
,0:04:04,CC,0.08,0.842
,0:04:05,CC,0.08,0.842
,0:04:06,CC,0.08,0.842
,0:04:07,CC,0.08,0.842
,0:04:08,CC,0.08,0.842
,0:04:09,CC,0.08,0.842
,0:04:10,CC,0.08,0.842
,0:04:11,CC,0.08,0.842
,0:04:12,CC,0.08,0.842
,0:04:13,CC,0.08,0.842
,0:04:14,CC,0.08,0.842
,0:04:15,CC,0.08,0.842
,0:04:16,CC,0.08,0.842
,0:04:17,CC,0.08,0.842
,0:04:18,CC,0.08,0.842
,0:04:19,CC,0.08,0.842
,0:04:20,CC,0.08,0.842
,0:04:21,CC,0.08,0.842
,0:04:22,CC,0.08,0.842
,0:04:23,CC,0.08,0.842
,0:04:24,CC,0.08,0.842
,0:04:25,CC,0.08,0.842
,0:04:26,CC,0.08,0.842
,0:04:27,CC,0.08,0.842
,0:04:28,CC,0.08,0.842
,0:04:29,CC,0.08,0.842
,0:04:30,CC,0.08,0.842
,0:04:31,CC,0.08,0.842
,0:04:32,CC,0.08,0.842
,0:04:33,CC,0.08,0.842
,0:04:34,CC,0.08,0.842
,0:04:35,CC,0.08,0.842
,0:04:36,CC,0.08,0.842
,0:04:37,CC,0.08,0.842
,0:04:38,CC,0.08,0.842
,0:04:39,CC,0.08,0.842
,0:04:40,CC,0.08,0.842
,0:04:41,CC,0.08,0.842
,0:04:42,CC,0.08,0.842
,0:04:43,CC,0.08,0.842
,0:04:44,CC,0.08,0.842
,0:04:45,CC,0.08,0.842
,0:04:46,CC,0.08,0.842
,0:04:47,CC,0.08,0.842
,0:04:48,CC,0.08,0.842
,0:04:49,CC,0.08,0.842
,0:04:50,CC,0.08,0.842
,0:04:51,CC,0.08,0.842
,0:04:52,CC,0.08,0.842
,0:04:53,CC,0.08,0.842
,0:04:54,CC,0.08,0.842
,0:04:55,CC,0.08,0.842
,0:04:56,CC,0.08,0.842
,0:04:57,CC,0.08,0.842
,0:04:58,CC,0.08,0.842
,0:04:59,CC,0.08,0.842
,0:05:00,CC,0.08,0.842
,0:05:01,CC,0.08,0.842
,0:05:01,CC,0.08,0.842
,0:05:02,CC,0.12,0.842
,0:05:03,CC,0.12,0.824
,0:05:04,CC,0.12,0.824
,0:05:05,CC,0.12,0.824
,0:05:06,CC,0.12,0.824
,0:05:07,CC,0.12,0.825
,0:05:08,CC,0.12,0.825
,0:05:09,CC,0.12,0.825
,0:05:10,CC,0.12,0.825
,0:05:11,CC,0.12,0.825
,0:05:12,CC,0.12,0.825
,0:05:13,CC,0.12,0.825
,0:05:14,CC,0.12,0.825
,0:05:15,CC,0.12,0.825
,0:05:16,CC,0.12,0.825
,0:05:17,CC,0.12,0.825
,0:05:18,CC,0.12,0.825
,0:05:19,CC,0.12,0.825
,0:05:20,CC,0.12,0.825
,0:05:21,CC,0.12,0.825
,0:05:22,CC,0.12,0.825
,0:05:23,CC,0.12,0.825
,0:05:24,CC,0.12,0.825
,0:05:25,CC,0.12,0.825
,0:05:26,CC,0.12,0.825
,0:05:27,CC,0.12,0.825
,0:05:28,CC,0.12,0.825
,0:05:29,CC,0.12,0.825
,0:05:30,CC,0.12,0.825
,0:05:31,CC,0.12,0.825
,0:05:32,CC,0.12,0.825
,0:05:33,CC,0.12,0.825
,0:05:34,CC,0.12,0.825
,0:05:35,CC,0.12,0.825
,0:05:36,CC,0.12,0.825
,0:05:37,CC,0.12,0.825
,0:05:38,CC,0.12,0.825
,0:05:39,CC,0.12,0.825
,0:05:40,CC,0.12,0.825
,0:05:41,CC,0.12,0.825
,0:05:42,CC,0.12,0.825
,0:05:43,CC,0.12,0.825
,0:05:44,CC,0.12,0.825
,0:05:45,CC,0.12,0.825
,0:05:46,CC,0.12,0.825
,0:05:47,CC,0.12,0.825
,0:05:48,CC,0.12,0.825
,0:05:49,CC,0.12,0.825
,0:05:50,CC,0.12,0.825
,0:05:51,CC,0.12,0.825
,0:05:52,CC,0.12,0.825
,0:05:53,CC,0.12,0.825
,0:05:54,CC,0.12,0.825
,0:05:55,CC,0.12,0.825
,0:05:56,CC,0.12,0.825
,0:05:57,CC,0.12,0.825
,0:05:58,CC,0.12,0.825
,0:05:59,CC,0.12,0.825
,0:06:00,CC,0.12,0.825
,0:06:01,CC,0.12,0.825
,0:06:01,CC,0.12,0.825
,0:06:02,CC,0.16,0.825
,0:06:03,CC,0.16,0.81
,0:06:04,CC,0.16,0.81
,0:06:05,CC,0.16,0.81
,0:06:06,CC,0.16,0.81
,0:06:07,CC,0.16,0.811
,0:06:08,CC,0.16,0.811
,0:06:09,CC,0.16,0.811
,0:06:10,CC,0.16,0.811
,0:06:11,CC,0.16,0.811
,0:06:12,CC,0.16,0.811
,0:06:13,CC,0.16,0.811
,0:06:14,CC,0.16,0.811
,0:06:15,CC,0.16,0.811
,0:06:16,CC,0.16,0.811
,0:06:17,CC,0.16,0.811
,0:06:18,CC,0.16,0.811
,0:06:19,CC,0.16,0.811
,0:06:20,CC,0.16,0.811
,0:06:21,CC,0.16,0.811
,0:06:22,CC,0.16,0.811
,0:06:23,CC,0.16,0.811
,0:06:24,CC,0.16,0.811
,0:06:25,CC,0.16,0.811
,0:06:26,CC,0.16,0.811
,0:06:27,CC,0.16,0.811
,0:06:28,CC,0.16,0.811
,0:06:29,CC,0.16,0.811
,0:06:30,CC,0.16,0.811
,0:06:31,CC,0.16,0.811
,0:06:32,CC,0.16,0.811
,0:06:33,CC,0.16,0.811
,0:06:34,CC,0.16,0.811
,0:06:35,CC,0.16,0.811
,0:06:36,CC,0.16,0.811
,0:06:37,CC,0.16,0.811
,0:06:38,CC,0.16,0.811
,0:06:39,CC,0.16,0.811
,0:06:40,CC,0.16,0.811
,0:06:41,CC,0.16,0.811
,0:06:42,CC,0.16,0.811
,0:06:43,CC,0.16,0.811
,0:06:44,CC,0.16,0.811
,0:06:45,CC,0.16,0.811
,0:06:46,CC,0.16,0.811
,0:06:47,CC,0.16,0.811
,0:06:48,CC,0.16,0.811
,0:06:49,CC,0.16,0.811
,0:06:50,CC,0.16,0.811
,0:06:51,CC,0.16,0.811
,0:06:52,CC,0.16,0.811
,0:06:53,CC,0.16,0.811
,0:06:54,CC,0.16,0.811
,0:06:55,CC,0.16,0.811
,0:06:56,CC,0.16,0.811
,0:06:57,CC,0.16,0.811
,0:06:58,CC,0.16,0.811
,0:06:59,CC,0.16,0.811
,0:07:00,CC,0.16,0.811
,0:07:01,CC,0.16,0.811
,0:07:01,CC,0.16,0.811
,0:07:02,CC,0.2,0.811
,0:07:03,CC,0.2,0.798
,0:07:04,CC,0.2,0.798
,0:07:05,CC,0.2,0.798
,0:07:06,CC,0.2,0.798
,0:07:07,CC,0.2,0.798
,0:07:08,CC,0.2,0.798
,0:07:09,CC,0.2,0.798
,0:07:10,CC,0.2,0.798
,0:07:11,CC,0.2,0.798
,0:07:12,CC,0.2,0.798
,0:07:13,CC,0.2,0.798
,0:07:14,CC,0.2,0.798
,0:07:15,CC,0.2,0.799
,0:07:16,CC,0.2,0.799
,0:07:17,CC,0.2,0.799
,0:07:18,CC,0.2,0.799
,0:07:19,CC,0.2,0.799
,0:07:20,CC,0.2,0.799
,0:07:21,CC,0.2,0.799
,0:07:22,CC,0.2,0.799
,0:07:23,CC,0.2,0.799
,0:07:24,CC,0.2,0.799
,0:07:25,CC,0.2,0.799
,0:07:26,CC,0.2,0.799
,0:07:27,CC,0.2,0.799
,0:07:28,CC,0.2,0.799
,0:07:29,CC,0.2,0.799
,0:07:30,CC,0.2,0.799
,0:07:31,CC,0.2,0.799
,0:07:32,CC,0.2,0.799
,0:07:33,CC,0.2,0.799
,0:07:34,CC,0.2,0.799
,0:07:35,CC,0.2,0.799
,0:07:36,CC,0.2,0.799
,0:07:37,CC,0.2,0.799
,0:07:38,CC,0.2,0.799
,0:07:39,CC,0.2,0.799
,0:07:40,CC,0.2,0.799
,0:07:41,CC,0.2,0.799
,0:07:42,CC,0.2,0.799
,0:07:43,CC,0.2,0.799
,0:07:44,CC,0.2,0.799
,0:07:45,CC,0.2,0.799
,0:07:46,CC,0.2,0.799
,0:07:47,CC,0.2,0.799
,0:07:48,CC,0.2,0.799
,0:07:49,CC,0.2,0.799
,0:07:50,CC,0.2,0.799
,0:07:51,CC,0.2,0.799
,0:07:52,CC,0.2,0.798
,0:07:53,CC,0.2,0.798
,0:07:54,CC,0.2,0.798
,0:07:55,CC,0.2,0.798
,0:07:56,CC,0.2,0.798
,0:07:57,CC,0.2,0.799
,0:07:58,CC,0.2,0.799
,0:07:59,CC,0.2,0.799
,0:08:00,CC,0.2,0.799
,0:08:01,CC,0.2,0.799
,0:08:01,CC,0.2,0.799
,0:08:02,CC,0.24,0.799
,0:08:03,CC,0.24,0.799
,0:08:04,CC,0.24,0.787
,0:08:05,CC,0.24,0.787
,0:08:06,CC,0.24,0.787
,0:08:07,CC,0.24,0.787
,0:08:08,CC,0.24,0.787
,0:08:09,CC,0.24,0.787
,0:08:10,CC,0.24,0.787
,0:08:11,CC,0.24,0.787
,0:08:12,CC,0.24,0.787
,0:08:13,CC,0.24,0.787
,0:08:14,CC,0.24,0.787
,0:08:15,CC,0.24,0.787
,0:08:16,CC,0.24,0.787
,0:08:17,CC,0.24,0.787
,0:08:18,CC,0.24,0.787
,0:08:19,CC,0.24,0.787
,0:08:20,CC,0.24,0.787
,0:08:21,CC,0.24,0.787
,0:08:22,CC,0.24,0.787
,0:08:23,CC,0.24,0.787
,0:08:24,CC,0.24,0.787
,0:08:25,CC,0.24,0.787
,0:08:26,CC,0.24,0.787
,0:08:27,CC,0.24,0.787
,0:08:28,CC,0.24,0.787
,0:08:29,CC,0.24,0.787
,0:08:30,CC,0.24,0.787
,0:08:31,CC,0.24,0.787
,0:08:32,CC,0.24,0.787
,0:08:33,CC,0.24,0.788
,0:08:34,CC,0.24,0.788
,0:08:35,CC,0.24,0.788
,0:08:36,CC,0.24,0.788
,0:08:37,CC,0.24,0.788
,0:08:38,CC,0.24,0.788
,0:08:39,CC,0.24,0.788
,0:08:40,CC,0.24,0.787
,0:08:41,CC,0.24,0.787
,0:08:42,CC,0.24,0.787
,0:08:43,CC,0.24,0.787
,0:08:44,CC,0.24,0.787
,0:08:45,CC,0.24,0.787
,0:08:46,CC,0.24,0.787
,0:08:47,CC,0.24,0.787
,0:08:48,CC,0.24,0.787
,0:08:49,CC,0.24,0.787
,0:08:50,CC,0.24,0.787
,0:08:51,CC,0.24,0.787
,0:08:52,CC,0.24,0.787
,0:08:53,CC,0.24,0.787
,0:08:54,CC,0.24,0.787
,0:08:55,CC,0.24,0.787
,0:08:56,CC,0.24,0.787
,0:08:57,CC,0.24,0.787
,0:08:58,CC,0.24,0.787
,0:08:59,CC,0.24,0.787
,0:09:00,CC,0.24,0.787
,0:09:01,CC,0.24,0.787
,0:09:01,CC,0.24,0.787
,0:09:02,CC,0.32,0.787
,0:09:03,CC,0.32,0.787
,0:09:04,CC,0.32,0.765
,0:09:05,CC,0.32,0.766
,0:09:06,CC,0.32,0.766
,0:09:07,CC,0.32,0.766
,0:09:08,CC,0.32,0.766
,0:09:09,CC,0.32,0.767
,0:09:10,CC,0.32,0.767
,0:09:11,CC,0.32,0.767
,0:09:12,CC,0.32,0.767
,0:09:13,CC,0.32,0.767
,0:09:14,CC,0.32,0.767
,0:09:15,CC,0.32,0.767
,0:09:16,CC,0.32,0.767
,0:09:17,CC,0.32,0.767
,0:09:18,CC,0.32,0.767
,0:09:19,CC,0.32,0.767
,0:09:20,CC,0.32,0.767
,0:09:21,CC,0.32,0.768
,0:09:22,CC,0.32,0.768
,0:09:23,CC,0.32,0.768
,0:09:24,CC,0.32,0.768
,0:09:25,CC,0.32,0.768
,0:09:26,CC,0.32,0.768
,0:09:27,CC,0.32,0.768
,0:09:28,CC,0.32,0.768
,0:09:29,CC,0.32,0.768
,0:09:30,CC,0.32,0.768
,0:09:31,CC,0.32,0.768
,0:09:32,CC,0.32,0.768
,0:09:33,CC,0.32,0.768
,0:09:34,CC,0.32,0.768
,0:09:35,CC,0.32,0.768
,0:09:36,CC,0.32,0.768
,0:09:37,CC,0.32,0.768
,0:09:38,CC,0.32,0.768
,0:09:39,CC,0.32,0.768
,0:09:40,CC,0.32,0.768
,0:09:41,CC,0.32,0.768
,0:09:42,CC,0.32,0.768
,0:09:43,CC,0.32,0.768
,0:09:44,CC,0.32,0.768
,0:09:45,CC,0.32,0.768
,0:09:46,CC,0.32,0.768
,0:09:47,CC,0.32,0.768
,0:09:48,CC,0.32,0.768
,0:09:49,CC,0.32,0.768
,0:09:50,CC,0.32,0.768
,0:09:51,CC,0.32,0.768
,0:09:52,CC,0.32,0.768
,0:09:53,CC,0.32,0.768
,0:09:54,CC,0.32,0.768
,0:09:55,CC,0.32,0.768
,0:09:56,CC,0.32,0.768
,0:09:57,CC,0.32,0.768
,0:09:58,CC,0.32,0.768
,0:09:59,CC,0.32,0.768
,0:10:00,CC,0.32,0.768
,0:10:01,CC,0.32,0.767
,0:10:02,CC,0.32,0.767
,0:10:03,CC,0.4,0.768
,0:10:04,CC,0.4,0.747
,0:10:05,CC,0.4,0.747
,0:10:06,CC,0.4,0.748
,0:10:07,CC,0.4,0.748
,0:10:08,CC,0.4,0.748
,0:10:09,CC,0.4,0.748
,0:10:10,CC,0.4,0.748
,0:10:11,CC,0.4,0.749
,0:10:12,CC,0.4,0.749
,0:10:13,CC,0.4,0.749
,0:10:14,CC,0.4,0.749
,0:10:15,CC,0.4,0.749
,0:10:16,CC,0.4,0.749
,0:10:17,CC,0.4,0.749
,0:10:18,CC,0.4,0.749
,0:10:19,CC,0.4,0.749
,0:10:20,CC,0.4,0.749
,0:10:21,CC,0.4,0.749
,0:10:22,CC,0.4,0.749
,0:10:23,CC,0.4,0.75
,0:10:24,CC,0.4,0.75
,0:10:25,CC,0.4,0.75
,0:10:26,CC,0.4,0.75
,0:10:27,CC,0.4,0.75
,0:10:28,CC,0.4,0.75
,0:10:29,CC,0.4,0.75
,0:10:30,CC,0.4,0.75
,0:10:31,CC,0.4,0.75
,0:10:32,CC,0.4,0.75
,0:10:33,CC,0.4,0.75
,0:10:34,CC,0.4,0.75
,0:10:35,CC,0.4,0.75
,0:10:36,CC,0.4,0.75
,0:10:37,CC,0.4,0.75
,0:10:38,CC,0.4,0.75
,0:10:39,CC,0.4,0.75
,0:10:40,CC,0.4,0.75
,0:10:41,CC,0.4,0.75
,0:10:42,CC,0.4,0.75
,0:10:43,CC,0.4,0.75
,0:10:44,CC,0.4,0.75
,0:10:44,CC,0.4,0.75
,0:10:46,CC,0.4,0.75
,0:10:47,CC,0.4,0.75
,0:10:48,CC,0.4,0.75
,0:10:49,CC,0.4,0.75
,0:10:50,CC,0.4,0.75
,0:10:51,CC,0.4,0.75
,0:10:52,CC,0.4,0.75
,0:10:53,CC,0.4,0.75
,0:10:54,CC,0.4,0.75
,0:10:55,CC,0.4,0.75
,0:10:56,CC,0.4,0.75
,0:10:57,CC,0.4,0.75
,0:10:58,CC,0.4,0.75
,0:10:59,CC,0.4,0.75
,0:11:00,CC,0.4,0.75
,0:11:01,CC,0.4,0.75
,0:11:02,CC,0.4,0.75
,0:11:02,CC,0.4,0.75
,0:11:03,CC,0.5,0.75
,0:11:04,CC,0.5,0.726
,0:11:05,CC,0.5,0.726
,0:11:06,CC,0.5,0.727
,0:11:07,CC,0.5,0.727
,0:11:08,CC,0.5,0.727
,0:11:09,CC,0.5,0.727
,0:11:10,CC,0.5,0.728
,0:11:11,CC,0.5,0.728
,0:11:12,CC,0.5,0.728
,0:11:13,CC,0.5,0.728
,0:11:14,CC,0.5,0.728
,0:11:15,CC,0.5,0.729
,0:11:16,CC,0.5,0.729
,0:11:17,CC,0.5,0.729
,0:11:18,CC,0.5,0.729
,0:11:19,CC,0.5,0.729
,0:11:20,CC,0.5,0.729
,0:11:21,CC,0.5,0.729
,0:11:22,CC,0.5,0.729
,0:11:23,CC,0.5,0.729
,0:11:24,CC,0.5,0.729
,0:11:25,CC,0.5,0.729
,0:11:26,CC,0.5,0.729
,0:11:27,CC,0.5,0.729
,0:11:28,CC,0.5,0.729
,0:11:29,CC,0.5,0.729
,0:11:30,CC,0.5,0.729
,0:11:31,CC,0.5,0.729
,0:11:32,CC,0.5,0.729
,0:11:33,CC,0.5,0.729
,0:11:34,CC,0.5,0.729
,0:11:35,CC,0.5,0.729
,0:11:36,CC,0.5,0.729
,0:11:37,CC,0.5,0.729
,0:11:38,CC,0.5,0.729
,0:11:39,CC,0.5,0.729
,0:11:40,CC,0.5,0.729
,0:11:41,CC,0.5,0.729
,0:11:42,CC,0.5,0.73
,0:11:43,CC,0.5,0.73
,0:11:44,CC,0.5,0.73
,0:11:45,CC,0.5,0.73
,0:11:46,CC,0.5,0.73
,0:11:47,CC,0.5,0.73
,0:11:48,CC,0.5,0.73
,0:11:49,CC,0.5,0.73
,0:11:50,CC,0.5,0.73
,0:11:51,CC,0.5,0.73
,0:11:52,CC,0.5,0.73
,0:11:53,CC,0.5,0.73
,0:11:54,CC,0.5,0.73
,0:11:55,CC,0.5,0.73
,0:11:56,CC,0.5,0.73
,0:11:57,CC,0.5,0.73
,0:11:58,CC,0.5,0.73
,0:11:59,CC,0.5,0.73
,0:12:00,CC,0.5,0.73
,0:12:01,CC,0.5,0.73
,0:12:02,CC,0.5,0.729
,0:12:02,CC,0.5,0.729
,0:12:03,CC,0.6,0.729
,0:12:04,CC,0.6,0.705
,0:12:05,CC,0.6,0.705
,0:12:06,CC,0.6,0.706
,0:12:07,CC,0.6,0.707
,0:12:08,CC,0.6,0.707
,0:12:09,CC,0.6,0.708
,0:12:10,CC,0.6,0.708
,0:12:11,CC,0.6,0.708
,0:12:12,CC,0.6,0.708
,0:12:13,CC,0.6,0.708
,0:12:14,CC,0.6,0.709
,0:12:15,CC,0.6,0.709
,0:12:16,CC,0.6,0.709
,0:12:17,CC,0.6,0.709
,0:12:18,CC,0.6,0.709
,0:12:19,CC,0.6,0.709
,0:12:20,CC,0.6,0.709
,0:12:21,CC,0.6,0.709
,0:12:22,CC,0.6,0.709
,0:12:23,CC,0.6,0.709
,0:12:24,CC,0.6,0.709
,0:12:25,CC,0.6,0.709
,0:12:26,CC,0.6,0.71
,0:12:27,CC,0.6,0.71
,0:12:28,CC,0.6,0.71
,0:12:29,CC,0.6,0.71
,0:12:30,CC,0.6,0.71
,0:12:31,CC,0.6,0.71
,0:12:32,CC,0.6,0.71
,0:12:33,CC,0.6,0.71
,0:12:34,CC,0.6,0.71
,0:12:35,CC,0.6,0.71
,0:12:36,CC,0.6,0.71
,0:12:37,CC,0.6,0.71
,0:12:38,CC,0.6,0.71
,0:12:39,CC,0.6,0.71
,0:12:40,CC,0.6,0.71
,0:12:41,CC,0.6,0.71
,0:12:42,CC,0.6,0.71
,0:12:43,CC,0.6,0.71
,0:12:44,CC,0.6,0.71
,0:12:45,CC,0.6,0.71
,0:12:46,CC,0.6,0.71
,0:12:47,CC,0.6,0.71
,0:12:48,CC,0.6,0.71
,0:12:49,CC,0.6,0.71
,0:12:50,CC,0.6,0.71
,0:12:51,CC,0.6,0.71
,0:12:52,CC,0.6,0.71
,0:12:53,CC,0.6,0.71
,0:12:54,CC,0.6,0.71
,0:12:55,CC,0.6,0.71
,0:12:56,CC,0.6,0.71
,0:12:57,CC,0.6,0.71
,0:12:58,CC,0.6,0.71
,0:12:59,CC,0.6,0.71
,0:13:00,CC,0.6,0.71
,0:13:01,CC,0.6,0.71
,0:13:02,CC,0.6,0.71
,0:13:02,CC,0.6,0.71
,0:13:03,CC,0.7,0.71
,0:13:04,CC,0.7,0.685
,0:13:05,CC,0.7,0.685
,0:13:06,CC,0.7,0.686
,0:13:07,CC,0.7,0.686
,0:13:08,CC,0.7,0.687
,0:13:09,CC,0.7,0.687
,0:13:10,CC,0.7,0.687
,0:13:11,CC,0.7,0.687
,0:13:12,CC,0.7,0.688
,0:13:13,CC,0.7,0.688
,0:13:14,CC,0.7,0.688
,0:13:15,CC,0.7,0.688
,0:13:16,CC,0.7,0.688
,0:13:17,CC,0.7,0.688
,0:13:18,CC,0.7,0.689
,0:13:19,CC,0.7,0.689
,0:13:20,CC,0.7,0.689
,0:13:21,CC,0.7,0.689
,0:13:22,CC,0.7,0.689
,0:13:23,CC,0.7,0.689
,0:13:24,CC,0.7,0.689
,0:13:25,CC,0.7,0.689
,0:13:26,CC,0.7,0.689
,0:13:27,CC,0.7,0.689
,0:13:28,CC,0.7,0.689
,0:13:29,CC,0.7,0.689
,0:13:30,CC,0.7,0.689
,0:13:31,CC,0.7,0.689
,0:13:32,CC,0.7,0.689
,0:13:33,CC,0.7,0.689
,0:13:34,CC,0.7,0.689
,0:13:35,CC,0.7,0.689
,0:13:36,CC,0.7,0.689
,0:13:37,CC,0.7,0.689
,0:13:38,CC,0.7,0.689
,0:13:39,CC,0.7,0.69
,0:13:40,CC,0.7,0.69
,0:13:41,CC,0.7,0.69
,0:13:42,CC,0.7,0.689
,0:13:43,CC,0.7,0.69
,0:13:44,CC,0.7,0.689
,0:13:45,CC,0.7,0.689
,0:13:46,CC,0.7,0.689
,0:13:47,CC,0.7,0.69
,0:13:48,CC,0.7,0.69
,0:13:49,CC,0.7,0.689
,0:13:50,CC,0.7,0.69
,0:13:51,CC,0.7,0.69
,0:13:52,CC,0.7,0.69
,0:13:53,CC,0.7,0.69
,0:13:54,CC,0.7,0.689
,0:13:55,CC,0.7,0.689
,0:13:56,CC,0.7,0.689
,0:13:57,CC,0.7,0.689
,0:13:58,CC,0.7,0.69
,0:13:59,CC,0.7,0.724
,0:14:00,CC,0.7,0.716
,0:14:01,CC,0.7,0.716
,0:14:02,CC,0.7,0.714
,0:14:02,CC,0.7,0.714
,0:14:03,CC,0.8,0.713
,0:14:04,CC,0.8,0.689
,0:14:05,CC,0.8,0.688
,0:14:06,CC,0.8,0.688
,0:14:07,CC,0.8,0.688
,0:14:08,CC,0.8,0.687
,0:14:09,CC,0.8,0.687
,0:14:10,CC,0.8,0.687
,0:14:11,CC,0.8,0.687
,0:14:12,CC,0.8,0.686
,0:14:13,CC,0.8,0.686
,0:14:14,CC,0.8,0.685
,0:14:15,CC,0.8,0.685
,0:14:16,CC,0.8,0.685
,0:14:17,CC,0.8,0.685
,0:14:18,CC,0.8,0.685
,0:14:19,CC,0.8,0.685
,0:14:20,CC,0.8,0.684
,0:14:21,CC,0.8,0.684
,0:14:22,CC,0.8,0.684
,0:14:23,CC,0.8,0.684
,0:14:24,CC,0.8,0.684
,0:14:25,CC,0.8,0.684
,0:14:26,CC,0.8,0.683
,0:14:27,CC,0.8,0.683
,0:14:28,CC,0.8,0.683
,0:14:29,CC,0.8,0.683
,0:14:30,CC,0.8,0.683
,0:14:31,CC,0.8,0.683
,0:14:32,CC,0.8,0.683
,0:14:33,CC,0.8,0.683
,0:14:34,CC,0.8,0.682
,0:14:35,CC,0.8,0.682
,0:14:36,CC,0.8,0.682
,0:14:37,CC,0.8,0.682
,0:14:38,CC,0.8,0.682
,0:14:39,CC,0.8,0.682
,0:14:40,CC,0.8,0.682
,0:14:41,CC,0.8,0.682
,0:14:42,CC,0.8,0.682
,0:14:43,CC,0.8,0.682
,0:14:44,CC,0.8,0.682
,0:14:45,CC,0.8,0.682
,0:14:46,CC,0.8,0.682
,0:14:47,CC,0.8,0.682
,0:14:48,CC,0.8,0.682
,0:14:49,CC,0.8,0.681
,0:14:50,CC,0.8,0.681
,0:14:51,CC,0.8,0.681
,0:14:52,CC,0.8,0.681
,0:14:53,CC,0.8,0.681
,0:14:54,CC,0.8,0.681
,0:14:55,CC,0.8,0.681
,0:14:56,CC,0.8,0.681
,0:14:57,CC,0.8,0.681
,0:14:58,CC,0.8,0.681
,0:14:59,CC,0.8,0.681
,0:15:00,CC,0.8,0.681
,0:15:01,CC,0.8,0.681
,0:15:02,CC,0.8,0.681
,0:15:03,CC,0.8,0.681
,0:15:04,CC,0.9,0.681
,0:15:05,CC,0.9,0.681
,0:15:06,CC,0.9,0.653
,0:15:07,CC,0.9,0.653
,0:15:08,CC,0.9,0.654
,0:15:09,CC,0.9,0.654
,0:15:10,CC,0.9,0.654
,0:15:11,CC,0.9,0.655
,0:15:12,CC,0.9,0.655
,0:15:13,CC,0.9,0.655
,0:15:14,CC,0.9,0.655
,0:15:15,CC,0.9,0.655
,0:15:16,CC,0.9,0.655
,0:15:17,CC,0.9,0.655
,0:15:18,CC,0.9,0.655
,0:15:19,CC,0.9,0.655
,0:15:20,CC,0.9,0.655
,0:15:21,CC,0.9,0.655
,0:15:22,CC,0.9,0.655
,0:15:23,CC,0.9,0.655
,0:15:24,CC,0.9,0.655
,0:15:25,CC,0.9,0.655
,0:15:26,CC,0.9,0.655
,0:15:27,CC,0.9,0.655
,0:15:28,CC,0.9,0.655
,0:15:29,CC,0.9,0.656
,0:15:30,CC,0.9,0.655
,0:15:31,CC,0.9,0.656
,0:15:32,CC,0.9,0.655
,0:15:33,CC,0.9,0.655
,0:15:34,CC,0.9,0.655
,0:15:35,CC,0.9,0.655
,0:15:36,CC,0.9,0.655
,0:15:37,CC,0.9,0.655
,0:15:38,CC,0.9,0.655
,0:15:39,CC,0.9,0.655
,0:15:40,CC,0.9,0.655
,0:15:41,CC,0.9,0.655
,0:15:42,CC,0.9,0.655
,0:15:43,CC,0.9,0.655
,0:15:44,CC,0.9,0.655
,0:15:45,CC,0.9,0.655
,0:15:46,CC,0.9,0.655
,0:15:47,CC,0.9,0.655
,0:15:48,CC,0.9,0.655
,0:15:49,CC,0.9,0.655
,0:15:50,CC,0.9,0.655
,0:15:51,CC,0.9,0.655
,0:15:52,CC,0.9,0.655
,0:15:53,CC,0.9,0.655
,0:15:54,CC,0.9,0.655
,0:15:55,CC,0.9,0.655
,0:15:56,CC,0.9,0.655
,0:15:57,CC,0.9,0.655
,0:15:58,CC,0.9,0.654
,0:15:59,CC,0.9,0.655
,0:16:00,CC,0.9,0.654
,0:16:01,CC,0.9,0.654
,0:16:02,CC,0.9,0.654
,0:16:03,CC,0.9,0.654
,0:16:03,CC,0.9,0.654
,0:16:04,CC,1,0.654
,0:16:05,CC,1,0.622
,0:16:06,CC,1,0.622
,0:16:07,CC,1,0.624
,0:16:08,CC,1,0.624
,0:16:09,CC,1,0.624
,0:16:10,CC,1,0.625
,0:16:11,CC,1,0.625
,0:16:12,CC,1,0.625
,0:16:13,CC,1,0.625
,0:16:14,CC,1,0.625
,0:16:15,CC,1,0.625
,0:16:16,CC,1,0.626
,0:16:17,CC,1,0.626
,0:16:18,CC,1,0.626
,0:16:19,CC,1,0.626
,0:16:20,CC,1,0.626
,0:16:21,CC,1,0.626
,0:16:22,CC,1,0.626
,0:16:23,CC,1,0.626
,0:16:24,CC,1,0.626
,0:16:25,CC,1,0.627
,0:16:26,CC,1,0.627
,0:16:27,CC,1,0.627
,0:16:28,CC,1,0.627
,0:16:29,CC,1,0.627
,0:16:30,CC,1,0.627
,0:16:31,CC,1,0.627
,0:16:32,CC,1,0.627
,0:16:33,CC,1,0.627
,0:16:34,CC,1,0.627
,0:16:35,CC,1,0.627
,0:16:36,CC,1,0.627
,0:16:37,CC,1,0.627
,0:16:38,CC,1,0.627
,0:16:39,CC,1,0.627
,0:16:40,CC,1,0.627
,0:16:41,CC,1,0.627
,0:16:42,CC,1,0.627
,0:16:43,CC,1,0.627
,0:16:44,CC,1,0.627
,0:16:45,CC,1,0.627
,0:16:46,CC,1,0.628
,0:16:47,CC,1,0.628
,0:16:48,CC,1,0.627
,0:16:49,CC,1,0.628
,0:16:50,CC,1,0.628
,0:16:51,CC,1,0.628
,0:16:52,CC,1,0.627
,0:16:53,CC,1,0.628
,0:16:54,CC,1,0.627
,0:16:55,CC,1,0.628
,0:16:56,CC,1,0.628
,0:16:57,CC,1,0.626
,0:16:58,CC,1,0.627
,0:16:59,CC,1,0.626
,0:17:00,CC,1,0.626
,0:17:01,CC,1,0.626
,0:17:02,CC,1,0.628
,0:17:03,CC,1,0.628
,0:17:03,CC,1,0.628
,0:17:04,CC,1.1,0.628
,0:17:05,CC,1.1,0.627
,0:17:06,CC,1.1,0.627
,0:17:07,CC,1.1,0.591
,0:17:08,CC,1.1,0.592
,0:17:09,CC,1.1,0.594
,0:17:10,CC,1.1,0.595
,0:17:11,CC,1.1,0.595
,0:17:12,CC,1.1,0.595
,0:17:13,CC,1.1,0.595
,0:17:14,CC,1.1,0.595
,0:17:15,CC,1.1,0.595
,0:17:16,CC,1.1,0.596
,0:17:17,CC,1.1,0.595
,0:17:18,CC,1.1,0.595
,0:17:19,CC,1.1,0.595
,0:17:20,CC,1.1,0.596
,0:17:21,CC,1.1,0.597
,0:17:22,CC,1.1,0.597
,0:17:23,CC,1.1,0.597
,0:17:24,CC,1.1,0.597
,0:17:25,CC,1.1,0.596
,0:17:26,CC,1.1,0.596
,0:17:27,CC,1.1,0.596
,0:17:28,CC,1.1,0.635
,0:17:29,CC,1.1,0.635
,0:17:30,CC,1.1,0.631
,0:17:31,CC,1.1,0.63
,0:17:32,CC,1.1,0.629
,0:17:33,CC,1.1,0.627
,0:17:34,CC,1.1,0.627
,0:17:35,CC,1.1,0.627
,0:17:36,CC,1.1,0.625
,0:17:37,CC,1.1,0.624
,0:17:38,CC,1.1,0.623
,0:17:39,CC,1.1,0.623
,0:17:40,CC,1.1,0.622
,0:17:41,CC,1.1,0.621
,0:17:42,CC,1.1,0.621
,0:17:43,CC,1.1,0.621
,0:17:44,CC,1.1,0.62
,0:17:45,CC,1.1,0.619
,0:17:46,CC,1.1,0.618
,0:17:47,CC,1.1,0.618
,0:17:48,CC,1.1,0.617
,0:17:49,CC,1.1,0.616
,0:17:50,CC,1.1,0.617
,0:17:51,CC,1.1,0.617
,0:17:52,CC,1.1,0.615
,0:17:53,CC,1.1,0.615
,0:17:54,CC,1.1,0.615
,0:17:55,CC,1.1,0.615
,0:17:56,CC,1.1,0.615
,0:17:57,CC,1.1,0.613
,0:17:58,CC,1.1,0.613
,0:17:59,CC,1.1,0.613
,0:18:00,CC,1.1,0.612
,0:18:01,CC,1.1,0.612
,0:18:02,CC,1.1,0.61
,0:18:03,CC,1.1,0.611
,0:18:04,CC,1.1,0.611
,0:18:05,CC,1.2,0.61
,0:18:06,CC,1.2,0.61
,0:18:07,CC,1.2,0.568
,0:18:08,CC,1.2,0.569
,0:18:09,CC,1.2,0.569
,0:18:10,CC,1.2,0.571
,0:18:11,CC,1.2,0.571
,0:18:12,CC,1.2,0.574
,0:18:13,CC,1.2,0.574
,0:18:14,CC,1.2,0.574
,0:18:15,CC,1.2,0.573
,0:18:16,CC,1.2,0.573
,0:18:17,CC,1.2,0.573
,0:18:18,CC,1.2,0.573
,0:18:19,CC,1.2,0.577
,0:18:20,CC,1.2,0.577
,0:18:21,CC,1.2,0.577
,0:18:22,CC,1.2,0.577
,0:18:23,CC,1.2,0.576
,0:18:24,CC,1.2,0.575
,0:18:25,CC,1.2,0.575
,0:18:26,CC,1.2,0.575
,0:18:27,CC,1.2,0.576
,0:18:28,CC,1.2,0.575
,0:18:29,CC,1.2,0.575
,0:18:30,CC,1.2,0.575
,0:18:31,CC,1.2,0.575
,0:18:32,CC,1.2,0.575
,0:18:33,CC,1.2,0.574
,0:18:34,CC,1.2,0.575
,0:18:35,CC,1.2,0.575
,0:18:36,CC,1.2,0.575
,0:18:37,CC,1.2,0.575
,0:18:38,CC,1.2,0.575
,0:18:39,CC,1.2,0.575
,0:18:40,CC,1.2,0.575
,0:18:41,CC,1.2,0.575
,0:18:42,CC,1.2,0.573
,0:18:43,CC,1.2,0.574
,0:18:44,CC,1.2,0.575
,0:18:45,CC,1.2,0.575
,0:18:46,CC,1.2,0.575
,0:18:47,CC,1.2,0.575
,0:18:48,CC,1.2,0.574
,0:18:49,CC,1.2,0.574
,0:18:50,CC,1.2,0.574
,0:18:51,CC,1.2,0.574
,0:18:52,CC,1.2,0.574
,0:18:53,CC,1.2,0.576
,0:18:54,CC,1.2,0.576
,0:18:55,CC,1.2,0.576
,0:18:56,CC,1.2,0.576
,0:18:57,CC,1.2,0.576
,0:18:58,CC,1.2,0.576
,0:18:59,CC,1.2,0.576
,0:19:00,CC,1.2,0.576
,0:19:01,CC,1.2,0.576
,0:19:02,CC,1.2,0.576
,0:19:03,CC,1.2,0.575
,0:19:04,CC,1.2,0.574
,0:19:04,CC,1.2,0.574
,0:19:05,CC,1.3,0.575
,0:19:06,CC,1.3,0.523
,0:19:07,CC,1.3,0.523
,0:19:08,CC,1.3,0.524
,0:19:09,CC,1.3,0.524
,0:19:10,CC,1.3,0.53
,0:19:11,CC,1.3,0.529
,0:19:12,CC,1.3,0.53
,0:19:13,CC,1.3,0.53
,0:19:14,CC,1.3,0.53
,0:19:15,CC,1.3,0.531
,0:19:16,CC,1.3,0.53
,0:19:17,CC,1.3,0.53
,0:19:18,CC,1.3,0.53
,0:19:19,CC,1.3,0.53
,0:19:20,CC,1.3,0.529
,0:19:21,CC,1.3,0.529
,0:19:22,CC,1.3,0.529
,0:19:23,CC,1.3,0.529
,0:19:24,CC,1.3,0.528
,0:19:25,CC,1.3,0.529
,0:19:26,CC,1.3,0.531
,0:19:27,CC,1.3,0.531
,0:19:28,CC,1.3,0.532
,0:19:29,CC,1.3,0.531
,0:19:30,CC,1.3,0.531
,0:19:31,CC,1.3,0.531
,0:19:32,CC,1.3,0.53
,0:19:33,CC,1.3,0.531
,0:19:34,CC,1.3,0.531
,0:19:35,CC,1.3,0.53
,0:19:36,CC,1.3,0.531
,0:19:37,CC,1.3,0.531
,0:19:38,CC,1.3,0.53
,0:19:39,CC,1.3,0.53
,0:19:40,CC,1.3,0.53
,0:19:41,CC,1.3,0.529
,0:19:42,CC,1.3,0.529
,0:19:43,CC,1.3,0.529
,0:19:44,CC,1.3,0.529
,0:19:45,CC,1.3,0.529
,0:19:46,CC,1.3,0.531
,0:19:47,CC,1.3,0.53
,0:19:48,CC,1.3,0.53
,0:19:49,CC,1.3,0.53
,0:19:50,CC,1.3,0.531
,0:19:51,CC,1.3,0.53
,0:19:52,CC,1.3,0.53
,0:19:53,CC,1.3,0.53
,0:19:54,CC,1.3,0.529
,0:19:55,CC,1.3,0.528
,0:19:56,CC,1.3,0.53
,0:19:57,CC,1.3,0.53
,0:19:58,CC,1.3,0.53
,0:19:59,CC,1.3,0.53
,0:20:00,CC,1.3,0.53
,,,,
,,,,
,,,,
,,,,
,,,,
,,,,
,,,,
,,,,
,,,,
,,,,
,,,,
,,,,
,,,,
,,,,
,,,,
,,,,
,,,,
,,,,
,,,,
,,,,
,,,,
,,,,
,,,,
,,,,
,,,,
