1461,1.5151e+05
1462,1.6454e+05
1463,1.7824e+05
1464,1.7177e+05
1465,1.994e+05
1466,1.5608e+05
1467,2.1089e+05
1468,1.4627e+05
1469,1.9713e+05
1470,1.5343e+05
1471,2.3896e+05
1472,79472
1473,77564
1474,1.3678e+05
1475,1.5643e+05
1476,3.2353e+05
1477,2.5356e+05
1478,2.6215e+05
1479,3.1525e+05
1480,4.7133e+05
1481,2.6798e+05
1482,2.1228e+05
1483,2.1833e+05
1484,1.508e+05
1485,2.1113e+05
1486,1.9242e+05
1487,3.1498e+05
1488,1.9707e+05
1489,2.5195e+05
1490,3.0819e+05
1491,1.9679e+05
1492,1.2392e+05
1493,2.0469e+05
1494,2.351e+05
1495,2.3366e+05
1496,2.5479e+05
1497,1.81e+05
1498,1.5635e+05
1499,1.9313e+05
1500,1.6384e+05
1501,1.5259e+05
1502,1.5845e+05
1503,3.0367e+05
1504,2.3817e+05
1505,2.6426e+05
1506,1.9465e+05
1507,2.163e+05
1508,1.9521e+05
1509,1.6047e+05
1510,1.4134e+05
1511,1.8705e+05
1512,1.8333e+05
1513,1.8088e+05
1514,1.8013e+05
1515,1.828e+05
1516,1.5744e+05
1517,1.8381e+05
1518,1.3401e+05
1519,2.4945e+05
1520,1.5897e+05
1521,1.3462e+05
1522,1.9037e+05
1523,1.445e+05
1524,1.5378e+05
1525,1.5317e+05
1526,1.396e+05
1527,1.1683e+05
1528,1.7108e+05
1529,1.5717e+05
1530,1.6694e+05
1531,1.4099e+05
1532,1.6439e+05
1533,1.7847e+05
1534,1.4786e+05
1535,1.8721e+05
1536,1.4727e+05
1537,66405
1538,2.078e+05
1539,1.8714e+05
1540,1.2775e+05
1541,1.3529e+05
1542,1.2072e+05
1543,2.3994e+05
1544,1.2343e+05
1545,1.5814e+05
1546,1.4262e+05
1547,2.0248e+05
1548,1.5018e+05
1549,1.1506e+05
1550,1.4807e+05
1551,1.3711e+05
1552,1.496e+05
1553,2.0234e+05
1554,1.6027e+05
1555,1.7075e+05
1556,1.16e+05
1557,1.0535e+05
1558,1.0979e+05
1559,87449
1560,1.5137e+05
1561,1.2617e+05
1562,1.6628e+05
1563,1.6248e+05
1564,1.489e+05
1565,1.3759e+05
1566,2.0509e+05
1567,83361
1568,2.0467e+05
1569,1.3789e+05
1570,1.9375e+05
1571,1.1433e+05
1572,1.278e+05
1573,2.4144e+05
1574,1.3516e+05
1575,2.391e+05
1576,2.199e+05
1577,2.3968e+05
1578,1.4115e+05
1579,1.9018e+05
1580,1.9199e+05
1581,2.2096e+05
1582,1.5533e+05
1583,2.9242e+05
1584,2.1078e+05
1585,1.3258e+05
1586,1.0839e+05
1587,1.0569e+05
1588,1.7806e+05
1589,1.1785e+05
1590,1.7479e+05
1591,1.1751e+05
1592,1.128e+05
1593,1.4692e+05
1594,1.3613e+05
1595,1.2705e+05
1596,2.3292e+05
1597,1.4782e+05
1598,2.1169e+05
1599,1.9221e+05
1600,1.8968e+05
1601,1.1949e+05
1602,1.4608e+05
1603,1.1696e+05
1604,2.9532e+05
1605,2.6941e+05
1606,2.0406e+05
1607,1.5192e+05
1608,2.5326e+05
1609,1.9227e+05
1610,1.5946e+05
1611,1.7881e+05
1612,1.9093e+05
1613,1.6661e+05
1614,1.5259e+05
1615,1.1686e+05
1616,1.0293e+05
1617,1.0672e+05
1618,1.5259e+05
1619,1.7957e+05
1620,1.6237e+05
1621,1.4294e+05
1622,1.2097e+05
1623,2.7291e+05
1624,1.8941e+05
1625,1.3155e+05
1626,1.7023e+05
1627,1.7873e+05
1628,2.575e+05
1629,1.9446e+05
1630,3.7788e+05
1631,2.2133e+05
1632,2.4278e+05
1633,1.6914e+05
1634,2.1594e+05
1635,1.9867e+05
1636,1.9089e+05
1637,2.1895e+05
1638,1.9531e+05
1639,1.7782e+05
1640,2.5529e+05
1641,1.8113e+05
1642,2.6266e+05
1643,2.334e+05
1644,2.7368e+05
1645,2.355e+05
1646,1.7904e+05
1647,1.7337e+05
1648,1.3823e+05
1649,1.6117e+05
1650,1.4891e+05
1651,1.6574e+05
1652,91425
1653,99569
1654,1.4894e+05
1655,1.6197e+05
1656,1.2944e+05
1657,1.3522e+05
1658,1.365e+05
1659,1.5019e+05
1660,1.9684e+05
1661,3.794e+05
1662,3.5867e+05
1663,3.8901e+05
1664,3.3277e+05
1665,3.2173e+05
1666,3.3356e+05
1667,2.8802e+05
1668,3.7711e+05
1669,2.9096e+05
1670,3.4732e+05
1671,2.6483e+05
1672,4.2025e+05
1673,2.7465e+05
1674,2.636e+05
1675,1.8962e+05
1676,1.9604e+05
1677,2.33e+05
1678,4.8654e+05
1679,3.6753e+05
1680,3.3869e+05
1681,2.0685e+05
1682,3.3252e+05
1683,1.9535e+05
1684,1.8571e+05
1685,1.5642e+05
1686,1.7471e+05
1687,1.6014e+05
1688,1.8558e+05
1689,1.7857e+05
1690,2.1892e+05
1691,2.0709e+05
1692,2.8733e+05
1693,1.9501e+05
1694,1.994e+05
1695,1.6066e+05
1696,2.6343e+05
1697,1.5291e+05
1698,3.0309e+05
1699,3.2499e+05
1700,2.5298e+05
1701,2.3851e+05
1702,2.3152e+05
1703,1.9548e+05
1704,3.1183e+05
1705,2.7704e+05
1706,3.1387e+05
1707,2.597e+05
1708,2.7761e+05
1709,2.888e+05
1710,2.9286e+05
1711,2.9183e+05
1712,2.9541e+05
1713,3.12e+05
1714,2.9463e+05
1715,2.4852e+05
1716,2.2697e+05
1717,2.328e+05
1718,1.7872e+05
1719,2.1291e+05
1720,2.2307e+05
1721,2.2097e+05
1722,1.6984e+05
1723,2.1746e+05
1724,1.6312e+05
1725,2.4159e+05
1726,2.2467e+05
1727,1.7581e+05
1728,2.2094e+05
1729,1.7679e+05
1730,1.3626e+05
1731,1.4394e+05
1732,1.5363e+05
1733,1.3418e+05
1734,1.6091e+05
1735,1.9679e+05
1736,1.2778e+05
1737,2.7531e+05
1738,2.3649e+05
1739,2.2263e+05
1740,2.0988e+05
1741,2.0444e+05
1742,1.5549e+05
1743,1.7657e+05
1744,3.3314e+05
1745,2.2208e+05
1746,1.3339e+05
1747,1.8799e+05
1748,2.2036e+05
1749,1.7394e+05
1750,1.332e+05
1751,2.4689e+05
1752,1.7122e+05
1753,1.7205e+05
1754,1.8907e+05
1755,1.8601e+05
1756,1.8598e+05
1757,1.6599e+05
1758,1.4893e+05
1759,1.5391e+05
1760,1.8555e+05
1761,1.6111e+05
1762,1.877e+05
1763,1.8986e+05
1764,1.5949e+05
1765,1.9153e+05
1766,1.9879e+05
1767,2.5789e+05
1768,1.7513e+05
1769,1.6797e+05
1770,2.2073e+05
1771,1.5738e+05
1772,1.7503e+05
1773,1.9567e+05
1774,99825
1775,1.7178e+05
1776,1.6826e+05
1777,1.6452e+05
1778,2.0581e+05
1779,84048
1780,1.7229e+05
1781,1.6281e+05
1782,1.2519e+05
1783,1.6491e+05
1784,1.4553e+05
1785,1.6786e+05
1786,1.5037e+05
1787,1.9047e+05
1788,90123
1789,1.0946e+05
1790,84075
1791,1.4231e+05
1792,1.6417e+05
1793,1.3927e+05
1794,2.3916e+05
1795,1.6302e+05
1796,1.1998e+05
1797,91981
1798,1.6238e+05
1799,1.8021e+05
1800,1.8782e+05
1801,1.5998e+05
1802,1.4107e+05
1803,1.5044e+05
1804,1.4428e+05
1805,1.8132e+05
1806,1.6819e+05
1807,1.2967e+05
1808,1.4579e+05
1809,1.6239e+05
1810,1.9868e+05
1811,95927
1812,1.0653e+05
1813,1.5218e+05
1814,1.2546e+05
1815,69824
1816,1.5391e+05
1817,1.4751e+05
1818,1.8434e+05
1819,1.7223e+05
1820,1.1564e+05
1821,1.3118e+05
1822,1.6856e+05
1823,99399
1824,1.7124e+05
1825,1.3017e+05
1826,1.2926e+05
1827,1.1112e+05
1828,1.3828e+05
1829,1.2426e+05
1830,1.5758e+05
1831,1.7771e+05
1832,99890
1833,1.8484e+05
1834,1.8196e+05
1835,1.8969e+05
1836,1.5694e+05
1837,1.7462e+05
1838,1.6033e+05
1839,1.4633e+05
1840,1.9132e+05
1841,1.8164e+05
1842,1.0683e+05
1843,1.1427e+05
1844,1.3381e+05
1845,1.737e+05
1846,1.3631e+05
1847,1.435e+05
1848,60706
1849,1.1028e+05
1850,1.6068e+05
1851,1.8743e+05
1852,1.8148e+05
1853,1.7743e+05
1854,2.1778e+05
1855,1.7259e+05
1856,2.5081e+05
1857,1.4982e+05
1858,1.1714e+05
1859,1.2315e+05
1860,1.4856e+05
1861,1.3399e+05
1862,2.9037e+05
1863,2.6481e+05
1864,2.6484e+05
1865,4.493e+05
1866,3.8057e+05
1867,2.2975e+05
1868,3.3602e+05
1869,2.6434e+05
1870,2.259e+05
1871,2.6541e+05
1872,1.5308e+05
1873,2.5561e+05
1874,1.6226e+05
1875,2.1419e+05
1876,2.0739e+05
1877,2.3222e+05
1878,2.2862e+05
1879,1.5949e+05
1880,1.6634e+05
1881,2.6553e+05
1882,2.4489e+05
1883,1.9603e+05
1884,2.2247e+05
1885,2.5461e+05
1886,3.4887e+05
1887,2.6203e+05
1888,2.7914e+05
1889,1.7634e+05
1890,1.5994e+05
1891,1.1706e+05
1892,1.1933e+05
1893,1.4629e+05
1894,1.318e+05
1895,1.5434e+05
1896,1.6454e+05
1897,1.3647e+05
1898,1.4111e+05
1899,1.9694e+05
1900,1.5062e+05
1901,1.8971e+05
1902,1.6874e+05
1903,1.9732e+05
1904,1.7708e+05
1905,2.1637e+05
1906,1.898e+05
1907,1.6465e+05
1908,90137
1909,1.2509e+05
1910,1.1203e+05
1911,1.6138e+05
1912,3.9473e+05
1913,1.3238e+05
1914,1.0835e+05
1915,4.1411e+05
1916,64603
1917,2.4382e+05
1918,1.6097e+05
1919,2.1895e+05
1920,1.7345e+05
1921,4.1907e+05
1922,3.0313e+05
1923,2.2087e+05
1924,2.4016e+05
1925,2.1283e+05
1926,4.0706e+05
1927,1.459e+05
1928,1.606e+05
1929,1.7797e+05
1930,1.7293e+05
1931,1.9057e+05
1932,1.7659e+05
1933,1.6935e+05
1934,1.5717e+05
1935,1.8523e+05
1936,1.7418e+05
1937,1.7366e+05
1938,2.3553e+05
1939,2.9699e+05
1940,2.0688e+05
1941,1.63e+05
1942,2.156e+05
1943,2.2939e+05
1944,3.6262e+05
1945,3.6699e+05
1946,1.8434e+05
1947,2.2388e+05
1948,1.9358e+05
1949,2.9238e+05
1950,2.1566e+05
1951,2.8285e+05
1952,2.2779e+05
1953,2.2221e+05
1954,1.844e+05
1955,1.65e+05
1956,3.4984e+05
1957,1.6141e+05
1958,2.8421e+05
1959,1.6071e+05
1960,1.5618e+05
1961,1.613e+05
1962,74622
1963,76510
1964,92705
1965,1.5512e+05
1966,1.6408e+05
1967,3.2225e+05
1968,4.4283e+05
1969,3.6283e+05
1970,3.8989e+05
1971,3.5395e+05
1972,3.3926e+05
1973,2.9094e+05
1974,3.2258e+05
1975,4.7578e+05
1976,2.8139e+05
1977,3.3851e+05
1978,3.1771e+05
1979,3.0611e+05
1980,2.1019e+05
1981,3.3542e+05
1982,2.658e+05
1983,2.2704e+05
1984,1.5637e+05
1985,2.1575e+05
1986,1.9912e+05
1987,1.3721e+05
1988,1.7758e+05
1989,2.0173e+05
1990,2.2071e+05
1991,2.5053e+05
1992,2.2318e+05
1993,1.7302e+05
1994,2.47e+05
1995,1.6604e+05
1996,2.2382e+05
1997,3.2944e+05
1998,3.052e+05
1999,2.9168e+05
2000,2.9886e+05
2001,2.9745e+05
2002,2.8894e+05
2003,2.5361e+05
2004,3.0475e+05
2005,2.741e+05
2006,2.8344e+05
2007,2.711e+05
2008,2.5791e+05
2009,2.5309e+05
2010,2.179e+05
2011,1.8047e+05
2012,2.1489e+05
2013,2.0216e+05
2014,1.8472e+05
2015,1.8875e+05
2016,2.3968e+05
2017,2.1382e+05
2018,1.803e+05
2019,1.9289e+05
2020,1.4819e+05
2021,1.4443e+05
2022,2.1363e+05
2023,1.2231e+05
2024,2.5916e+05
2025,3.3473e+05
2026,2.2663e+05
2027,1.7822e+05
2028,1.8101e+05
2029,1.8479e+05
2030,2.6545e+05
2031,2.0395e+05
2032,2.3876e+05
2033,2.1199e+05
2034,1.6884e+05
2035,2.2511e+05
2036,1.8065e+05
2037,1.8128e+05
2038,2.7023e+05
2039,2.3891e+05
2040,3.1233e+05
2041,3.5377e+05
2042,2.2218e+05
2043,1.9357e+05
2044,1.9244e+05
2045,2.5118e+05
2046,1.3944e+05
2047,1.4382e+05
2048,2.0517e+05
2049,1.407e+05
2050,1.8643e+05
2051,1.2723e+05
2052,1.2506e+05
2053,1.8322e+05
2054,1.098e+05
2055,1.5973e+05
2056,2.3488e+05
2057,1.2995e+05
2058,2.1106e+05
2059,1.6083e+05
2060,2.1531e+05
2061,1.417e+05
2062,1.5427e+05
2063,1.8319e+05
2064,1.3617e+05
2065,1.4181e+05
2066,1.7361e+05
2067,65897
2068,1.4749e+05
2069,81921
2070,1.2833e+05
2071,1.4446e+05
2072,1.2164e+05
2073,1.6213e+05
2074,1.9603e+05
2075,1.5153e+05
2076,1.2106e+05
2077,1.8353e+05
2078,1.7578e+05
2079,1.6912e+05
2080,1.6718e+05
2081,1.5309e+05
2082,1.4836e+05
2083,1.5985e+05
2084,1.5891e+05
2085,1.3861e+05
2086,1.8186e+05
2087,1.527e+05
2088,1.1344e+05
2089,1.335e+05
2090,1.7639e+05
2091,1.6063e+05
2092,1.3247e+05
2093,1.4415e+05
2094,1.7997e+05
2095,1.9015e+05
2096,1.2308e+05
2097,1.4135e+05
2098,1.516e+05
2099,68693
2100,78024
2101,1.2933e+05
2102,1.7551e+05
2103,1.2384e+05
2104,1.4707e+05
2105,1.608e+05
2106,62240
2107,2.3047e+05
2108,1.4256e+05
2109,1.4929e+05
2110,1.4717e+05
2111,1.6639e+05
2112,1.562e+05
2113,1.591e+05
2114,1.4154e+05
2115,2.0129e+05
2116,1.3605e+05
2117,1.409e+05
2118,1.3267e+05
2119,1.4604e+05
2120,1.7541e+05
2121,1.6953e+05
2122,1.6107e+05
2123,1.2053e+05
2124,1.6243e+05
2125,1.4489e+05
2126,1.6247e+05
2127,1.9561e+05
2128,1.8125e+05
2129,1.3781e+05
2130,1.6638e+05
2131,1.5434e+05
2132,1.2931e+05
2133,1.57e+05
2134,1.6681e+05
2135,1.182e+05
2136,76121
2137,1.3861e+05
2138,1.7199e+05
2139,1.7141e+05
2140,1.9566e+05
2141,1.7053e+05
2142,1.4134e+05
2143,1.7005e+05
2144,1.5682e+05
2145,1.8122e+05
2146,2.1127e+05
2147,1.3117e+05
2148,1.7767e+05
2149,1.7057e+05
2150,2.3486e+05
2151,1.4703e+05
2152,2.352e+05
2153,2.2295e+05
2154,1.474e+05
2155,1.6444e+05
2156,2.4993e+05
2157,2.5593e+05
2158,2.3203e+05
2159,1.9921e+05
2160,1.6693e+05
2161,2.5515e+05
2162,4.6738e+05
2163,3.7718e+05
2164,2.0956e+05
2165,2.2037e+05
2166,1.9366e+05
2167,2.115e+05
2168,2.1247e+05
2169,2.0572e+05
2170,2.4966e+05
2171,1.6965e+05
2172,1.39e+05
2173,1.9626e+05
2174,2.2985e+05
2175,2.651e+05
2176,3.0804e+05
2177,2.5485e+05
2178,2.0751e+05
2179,1.4265e+05
2180,2.4185e+05
2181,2.5823e+05
2182,2.6534e+05
2183,2.416e+05
2184,1.8169e+05
2185,1.3436e+05
2186,1.6748e+05
2187,1.8589e+05
2188,1.4837e+05
2189,2.8739e+05
2190,1.103e+05
2191,56404
2192,1.2903e+05
2193,1.5232e+05
2194,1.1595e+05
2195,1.5348e+05
2196,1.4816e+05
2197,1.596e+05
2198,1.5084e+05
2199,2.2443e+05
2200,1.8313e+05
2201,1.32e+05
2202,2.3701e+05
2203,1.499e+05
2204,1.7517e+05
2205,1.4966e+05
2206,1.5814e+05
2207,1.7994e+05
2208,2.6468e+05
2209,2.1975e+05
2210,1.3385e+05
2211,1.5053e+05
2212,1.4898e+05
2213,1.5645e+05
2214,1.4906e+05
2215,1.2616e+05
2216,1.7563e+05
2217,1.2031e+05
2218,82877
2219,98121
2220,94935
2221,4.1849e+05
2222,3.1662e+05
2223,2.9823e+05
2224,2.0224e+05
2225,1.0671e+05
2226,2.3618e+05
2227,1.6517e+05
2228,3.0667e+05
2229,2.2171e+05
2230,1.5652e+05
2231,1.9288e+05
2232,1.842e+05
2233,2.045e+05
2234,2.7627e+05
2235,2.7858e+05
2236,2.6134e+05
2237,3.2549e+05
2238,1.8942e+05
2239,1.1654e+05
2240,1.8791e+05
2241,1.8249e+05
2242,1.5184e+05
2243,1.511e+05
2244,1.3356e+05
2245,1.3125e+05
2246,1.9778e+05
2247,1.542e+05
2248,1.7776e+05
2249,1.8386e+05
2250,1.7558e+05
2251,1.3121e+05
2252,1.9146e+05
2253,1.3654e+05
2254,1.6544e+05
2255,1.7569e+05
2256,1.9248e+05
2257,2.0976e+05
2258,1.9042e+05
2259,1.9271e+05
2260,1.6134e+05
2261,2.0946e+05
2262,2.4702e+05
2263,3.6438e+05
2264,3.5869e+05
2265,1.9419e+05
2266,2.9702e+05
2267,3.3437e+05
2268,2.9683e+05
2269,2.0228e+05
2270,2.312e+05
2271,2.9782e+05
2272,2.2869e+05
2273,2.0839e+05
2274,2.4203e+05
2275,1.5445e+05
2276,1.926e+05
2277,1.8698e+05
2278,1.9065e+05
2279,1.53e+05
2280,1.9608e+05
2281,2.13e+05
2282,2.2205e+05
2283,96722
2284,95806
2285,1.7911e+05
2286,1.7542e+05
2287,4.5161e+05
2288,2.8997e+05
2289,4.2255e+05
2290,4.3934e+05
2291,3.462e+05
2292,4.6048e+05
2293,5.3424e+05
2294,3.8378e+05
2295,4.8828e+05
2296,2.4028e+05
2297,3.3806e+05
2298,3.7807e+05
2299,3.5061e+05
2300,3.0445e+05
2301,3.5054e+05
2302,2.6751e+05
2303,2.4739e+05
2304,2.337e+05
2305,2.3321e+05
2306,2.1703e+05
2307,2.0419e+05
2308,2.4155e+05
2309,2.8948e+05
2310,2.7584e+05
2311,2.3206e+05
2312,2.1678e+05
2313,1.9168e+05
2314,1.9166e+05
2315,1.9038e+05
2316,2.1288e+05
2317,2.3189e+05
2318,1.5927e+05
2319,2.1231e+05
2320,2.0686e+05
2321,2.383e+05
2322,2.0447e+05
2323,1.9729e+05
2324,2.3416e+05
2325,2.1044e+05
2326,1.9276e+05
2327,2.2574e+05
2328,2.4615e+05
2329,2.2888e+05
2330,1.7983e+05
2331,3.1861e+05
2332,3.6063e+05
2333,2.9048e+05
2334,2.5339e+05
2335,3.0801e+05
2336,2.9486e+05
2337,2.0696e+05
2338,2.7698e+05
2339,2.3683e+05
2340,4.7226e+05
2341,1.9269e+05
2342,2.8029e+05
2343,2.7277e+05
2344,2.4522e+05
2345,2.4189e+05
2346,2.79e+05
2347,2.5632e+05
2348,2.5398e+05
2349,2.5381e+05
2350,3.1289e+05
2351,3.2315e+05
2352,2.425e+05
2353,2.6921e+05
2354,1.571e+05
2355,2.0587e+05
2356,2.1219e+05
2357,2.1465e+05
2358,2.3207e+05
2359,99520
2360,1.4853e+05
2361,1.6612e+05
2362,2.7606e+05
2363,1.5038e+05
2364,2.2783e+05
2365,2.714e+05
2366,2.3659e+05
2367,2.4651e+05
2368,2.7019e+05
2369,2.2537e+05
2370,1.6473e+05
2371,1.5922e+05
2372,2.3344e+05
2373,3.1613e+05
2374,3.3149e+05
2375,2.7926e+05
2376,3.0284e+05
2377,3.7596e+05
2378,1.8221e+05
2379,1.926e+05
2380,1.5251e+05
2381,1.6674e+05
2382,2.3678e+05
2383,2.0715e+05
2384,2.8457e+05
2385,2.2796e+05
2386,1.5344e+05
2387,1.8065e+05
2388,1.1335e+05
2389,1.4923e+05
2390,1.7794e+05
2391,1.5289e+05
2392,1.5062e+05
2393,2.099e+05
2394,1.6326e+05
2395,2.2116e+05
2396,1.8107e+05
2397,2.6594e+05
2398,1.5185e+05
2399,78557
2400,96035
2401,1.4742e+05
2402,1.9565e+05
2403,1.3728e+05
2404,1.7733e+05
2405,1.554e+05
2406,1.9595e+05
2407,1.7312e+05
2408,1.8976e+05
2409,1.6225e+05
2410,1.8967e+05
2411,1.5723e+05
2412,1.7414e+05
2413,1.7053e+05
2414,2.0419e+05
2415,1.2649e+05
2416,1.5958e+05
2417,1.7708e+05
2418,1.7824e+05
2419,1.4728e+05
2420,1.7157e+05
2421,1.8071e+05
2422,1.7049e+05
2423,1.3252e+05
2424,1.6733e+05
2425,2.0595e+05
2426,1.7234e+05
2427,1.692e+05
2428,1.4956e+05
2429,1.5996e+05
2430,1.5228e+05
2431,1.297e+05
2432,2.2383e+05
2433,1.953e+05
2434,1.5741e+05
2435,2.1699e+05
2436,1.3887e+05
2437,1.4864e+05
2438,1.6586e+05
2439,1.3168e+05
2440,1.5517e+05
2441,1.137e+05
2442,1.4383e+05
2443,1.8558e+05
2444,1.6795e+05
2445,1.1772e+05
2446,1.4255e+05
2447,2.2615e+05
2448,1.7819e+05
2449,1.5152e+05
2450,1.8335e+05
2451,1.4298e+05
2452,2.1614e+05
2453,1.3209e+05
2454,1.2864e+05
2455,1.6278e+05
2456,1.3814e+05
2457,1.3983e+05
2458,1.7241e+05
2459,1.7483e+05
2460,1.4685e+05
2461,1.7473e+05
2462,1.3963e+05
2463,1.8424e+05
2464,2.0762e+05
2465,1.6003e+05
2466,1.3998e+05
2467,1.3341e+05
2468,1.2841e+05
2469,92259
2470,2.154e+05
2471,2.2342e+05
2472,1.4129e+05
2473,1.4346e+05
2474,1.013e+05
2475,2.095e+05
2476,1.4456e+05
2477,1.593e+05
2478,1.7891e+05
2479,1.4055e+05
2480,1.6341e+05
2481,1.4309e+05
2482,1.8961e+05
2483,1.1385e+05
2484,1.2421e+05
2485,1.6705e+05
2486,1.7938e+05
2487,2.0508e+05
2488,2.3516e+05
2489,1.951e+05
2490,2.0205e+05
2491,1.0956e+05
2492,2.0117e+05
2493,1.5681e+05
2494,1.5577e+05
2495,1.0538e+05
2496,2.5975e+05
2497,1.8651e+05
2498,1.4757e+05
2499,1.1239e+05
2500,1.3634e+05
2501,1.8559e+05
2502,1.6616e+05
2503,1.0979e+05
2504,2.066e+05
2505,2.5595e+05
2506,2.7926e+05
2507,3.235e+05
2508,2.719e+05
2509,2.3211e+05
2510,2.6337e+05
2511,2.311e+05
2512,2.1186e+05
2513,2.4774e+05
2514,2.6055e+05
2515,1.7538e+05
2516,2.1565e+05
2517,1.894e+05
2518,1.7826e+05
2519,2.3503e+05
2520,2.2993e+05
2521,2.0938e+05
2522,2.5993e+05
2523,1.5944e+05
2524,1.4829e+05
2525,1.5327e+05
2526,1.5247e+05
2527,1.5655e+05
2528,1.8435e+05
2529,1.7386e+05
2530,1.5587e+05
2531,2.6826e+05
2532,2.7327e+05
2533,2.1216e+05
2534,3.0975e+05
2535,2.8159e+05
2536,2.2967e+05
2537,2.4095e+05
2538,2.0329e+05
2539,2.6019e+05
2540,2.0499e+05
2541,1.9864e+05
2542,1.7512e+05
2543,1.8095e+05
2544,1.5839e+05
2545,1.8518e+05
2546,1.6706e+05
2547,2.0908e+05
2548,1.1328e+05
2549,1.9743e+05
2550,5.0434e+05
2551,1.5108e+05
2552,1.7156e+05
2553,77230
2554,1.1957e+05
2555,1.5295e+05
2556,1.5848e+05
2557,1.4394e+05
2558,1.6683e+05
2559,1.6523e+05
2560,1.6141e+05
2561,2.128e+05
2562,1.5671e+05
2563,1.4735e+05
2564,1.9496e+05
2565,1.2832e+05
2566,1.7856e+05
2567,1.4059e+05
2568,2.0963e+05
2569,2.7021e+05
2570,1.3302e+05
2571,2.0308e+05
2572,1.5125e+05
2573,1.8666e+05
2574,2.637e+05
2575,2.0417e+05
2576,1.5726e+05
2577,1.8261e+05
2578,1.229e+05
2579,95876
2580,1.5183e+05
2581,1.6571e+05
2582,1.993e+05
2583,3.5753e+05
2584,2.1594e+05
2585,2.4558e+05
2586,2.9066e+05
2587,2.5434e+05
2588,1.9378e+05
2589,1.841e+05
2590,1.8226e+05
2591,2.1767e+05
2592,2.2969e+05
2593,2.9931e+05
2594,2.3836e+05
2595,2.0876e+05
2596,3.0448e+05
2597,2.0661e+05
2598,2.9821e+05
2599,2.5062e+05
2600,1.3679e+05
2601,1.5961e+05
2602,91385
2603,1.3324e+05
2604,1.0434e+05
2605,95023
2606,1.8933e+05
2607,2.4797e+05
2608,2.2255e+05
2609,1.8635e+05
2610,1.8439e+05
2611,1.7412e+05
2612,1.728e+05
2613,1.9173e+05
2614,1.8029e+05
2615,1.9105e+05
2616,1.8412e+05
2617,2.0566e+05
2618,2.0725e+05
2619,1.9048e+05
2620,1.9305e+05
2621,1.66e+05
2622,1.6982e+05
2623,2.3068e+05
2624,3.1846e+05
2625,2.4157e+05
2626,2.3754e+05
2627,1.6614e+05
2628,4.6801e+05
2629,5.0549e+05
2630,4.1306e+05
2631,4.5414e+05
2632,4.132e+05
2633,3.4612e+05
2634,4.0874e+05
2635,2.0342e+05
2636,1.6135e+05
2637,2.4634e+05
2638,2.8435e+05
2639,2.1969e+05
2640,1.9544e+05
2641,1.3745e+05
2642,2.142e+05
2643,84527
2644,1.0706e+05
2645,1.1973e+05
2646,98314
2647,80203
2648,1.8221e+05
2649,2.3635e+05
2650,1.9873e+05
2651,1.499e+05
2652,4.1676e+05
2653,2.4678e+05
2654,2.8088e+05
2655,4.0645e+05
2656,3.194e+05
2657,3.5699e+05
2658,3.1251e+05
2659,2.8864e+05
2660,4.0165e+05
2661,3.5762e+05
2662,4.1601e+05
2663,2.8661e+05
2664,2.9626e+05
2665,3.5489e+05
2666,3.1773e+05
2667,2.0344e+05
2668,2.2771e+05
2669,2.0139e+05
2670,2.6349e+05
2671,1.94e+05
2672,2.3226e+05
2673,2.3216e+05
2674,2.3096e+05
2675,1.8775e+05
2676,1.919e+05
2677,2.1787e+05
2678,2.7792e+05
2679,2.8117e+05
2680,3.1808e+05
2681,3.8598e+05
2682,3.2449e+05
2683,4.7851e+05
2684,3.186e+05
2685,2.9428e+05
2686,2.801e+05
2687,3.8493e+05
2688,2.1967e+05
2689,2.7357e+05
2690,3.4263e+05
2691,2.2277e+05
2692,1.7791e+05
2693,2.0117e+05
2694,1.4704e+05
2695,2.1597e+05
2696,1.9702e+05
2697,1.9059e+05
2698,2.0717e+05
2699,2.185e+05
2700,1.9481e+05
2701,1.9418e+05
2702,1.3148e+05
2703,1.0061e+05
2704,1.68e+05
2705,1.6413e+05
2706,1.581e+05
2707,1.8264e+05
2708,1.6226e+05
2709,1.7047e+05
2710,1.6229e+05
2711,2.558e+05
2712,3.6473e+05
2713,2.07e+05
2714,1.69e+05
2715,1.5797e+05
2716,1.5906e+05
2717,1.9427e+05
2718,2.8069e+05
2719,1.8924e+05
2720,2.129e+05
2721,1.8136e+05
2722,1.7845e+05
2723,2.1573e+05
2724,1.8658e+05
2725,1.6328e+05
2726,1.824e+05
2727,2.7595e+05
2728,2.4237e+05
2729,1.7154e+05
2730,1.9685e+05
2731,2.2174e+05
2732,1.9342e+05
2733,2.0798e+05
2734,1.3884e+05
2735,1.872e+05
2736,1.6396e+05
2737,1.507e+05
2738,1.328e+05
2739,2.1345e+05
2740,1.5869e+05
2741,1.761e+05
2742,1.5443e+05
2743,1.6894e+05
2744,2.0843e+05
2745,1.7837e+05
2746,1.8862e+05
2747,1.7393e+05
2748,1.6369e+05
2749,1.7639e+05
2750,1.8167e+05
2751,1.8411e+05
2752,2.6415e+05
2753,1.7097e+05
2754,1.9125e+05
2755,1.564e+05
2756,1.2334e+05
2757,80876
2758,1.1848e+05
2759,1.6798e+05
2760,1.4283e+05
2761,1.8039e+05
2762,1.6907e+05
2763,2.2088e+05
2764,1.3639e+05
2765,2.9662e+05
2766,1.4499e+05
2767,78889
2768,1.6125e+05
2769,1.7202e+05
2770,1.5586e+05
2771,1.6519e+05
2772,1.6023e+05
2773,1.8652e+05
2774,1.7751e+05
2775,1.3935e+05
2776,1.7262e+05
2777,1.677e+05
2778,1.2703e+05
2779,1.2896e+05
2780,1.4832e+05
2781,1.5047e+05
2782,1.4745e+05
2783,1.3681e+05
2784,1.8406e+05
2785,1.6683e+05
2786,1.1223e+05
2787,1.5961e+05
2788,1.0572e+05
2789,1.9323e+05
2790,1.0995e+05
2791,1.5892e+05
2792,77019
2793,1.6435e+05
2794,1.5897e+05
2795,1.4636e+05
2796,1.2948e+05
2797,2.1542e+05
2798,1.5546e+05
2799,1.3064e+05
2800,1.0486e+05
2801,1.3262e+05
2802,1.8723e+05
2803,1.341e+05
2804,1.2872e+05
2805,1.4225e+05
2806,1.1715e+05
2807,2.1395e+05
2808,1.9227e+05
2809,1.8562e+05
2810,1.7392e+05
2811,1.9679e+05
2812,1.7953e+05
2813,1.7578e+05
2814,1.563e+05
2815,1.5119e+05
2816,2.5952e+05
2817,1.9668e+05
2818,1.6837e+05
2819,1.695e+05
2820,1.6498e+05
2821,1.5573e+05
2822,2.101e+05
2823,2.8612e+05
2824,2.2072e+05
2825,1.7129e+05
2826,1.9063e+05
2827,1.5548e+05
2828,1.9737e+05
2829,2.4396e+05
2830,2.197e+05
2831,1.9193e+05
2832,3.2565e+05
2833,3.6605e+05
2834,2.1843e+05
2835,2.7875e+05
2836,1.9144e+05
2837,1.9496e+05
2838,1.7157e+05
2839,1.6525e+05
2840,2.3662e+05
2841,2.4094e+05
2842,2.4902e+05
2843,1.8567e+05
2844,1.616e+05
2845,1.5659e+05
2846,2.4244e+05
2847,2.1628e+05
2848,2.9098e+05
2849,2.2514e+05
2850,2.9196e+05
2851,2.3837e+05
2852,2.4028e+05
2853,2.6009e+05
2854,1.6454e+05
2855,2.7733e+05
2856,1.9793e+05
2857,2.0327e+05
2858,2.7037e+05
2859,1.4345e+05
2860,1.4682e+05
2861,1.8977e+05
2862,2.1614e+05
2863,1.8879e+05
2864,2.4668e+05
2865,1.3709e+05
2866,1.6674e+05
2867,1.4403e+05
2868,1.0011e+05
2869,1.4339e+05
2870,1.5659e+05
2871,1.2225e+05
2872,66428
2873,97806
2874,1.4975e+05
2875,1.1946e+05
2876,1.8591e+05
2877,1.7065e+05
2878,1.8522e+05
2879,1.5615e+05
2880,1.1178e+05
2881,1.4457e+05
2882,1.9239e+05
2883,2.1476e+05
2884,2.1628e+05
2885,1.8576e+05
2886,2.6755e+05
2887,1.2063e+05
2888,2.0092e+05
2889,81651
2890,1.2379e+05
2891,1.6524e+05
2892,89289
2893,1.1945e+05
2894,96045
2895,3.7383e+05
2896,3.3239e+05
2897,2.4037e+05
2898,1.5377e+05
2899,2.6636e+05
2900,1.9236e+05
2901,2.2246e+05
2902,2.5845e+05
2903,4.1979e+05
2904,4.0701e+05
2905,1.0233e+05
2906,2.3838e+05
2907,1.0611e+05
2908,1.9149e+05
2909,1.292e+05
2910,1.2451e+05
2911,95350
2912,1.8435e+05
2913,1.123e+05
2914,98350
2915,1.2118e+05
2916,1.2249e+05
2917,2.4765e+05
2918,1.8309e+05
2919,2.1428e+05
